event_name,event_short_name,event_slug,event_location,state,state_abbrev,latitude,longitude,event_id
Burley Griffin parkrun,Burley Griffin,burleygriffin,Weston Park,Australian Capital Territory,ACT,-35.292148,149.088585,1490
Coombs parkrun,Coombs,coombs,Pearlman Street,Australian Capital Territory,ACT,-35.326215,149.047518,1818
Ginninderra parkrun,Ginninderra,ginninderra,John Knight Memorial Park,Australian Capital Territory,ACT,-35.234051,149.073486,364
Gungahlin parkrun,Gungahlin,gungahlin,Yerrabi Pond,Australian Capital Territory,ACT,-35.178952,149.129405,529
Jerrabomberra Mountain Reserve parkrun,Jerrabomberra Mountain Reserve,jerrabomberramountainreserve,Jerrabomberra Mountain Reserve,Australian Capital Territory,ACT,-35.376524,149.20315,3115
Mount Ainslie parkrun,Mount Ainslie,mountainslie,Remembrance Nature Park,Australian Capital Territory,ACT,-35.278828,149.152038,1952
Point Hut Pond parkrun,Point Hut Pond,pointhutpond,Point Hut Pond District Park,Australian Capital Territory,ACT,-35.454104,149.084343,3193
Queanbeyan parkrun,Queanbeyan,queanbeyan,Queanbeyan,Australian Capital Territory,ACT,-35.348151,149.238801,756
Tuggeranong parkrun,Tuggeranong,tuggeranong,Lake Tuggeranong,Australian Capital Territory,ACT,-35.410284,149.064989,501
Umbagong District parkrun,Umbagong District,umbagongdistrict,Umbagong District Park,Australian Capital Territory,ACT,-35.218922,149.020531,3087
Wagi Bridge parkrun,Wagi Bridge,wagibridge,Wagi Bridge,Australian Capital Territory,ACT,-35.161135,149.123403,2508
Woden Town parkrun,Woden Town,wodentown,Woden Town,Australian Capital Territory,ACT,-35.343931,149.088932,3765
Albury Wodonga parkrun,Albury Wodonga,alburywodonga,Hovell Tree Park,New South Wales,NSW,-36.0873,146.88886,648
Armidale parkrun,Armidale,armidale,SportUNE,New South Wales,NSW,-30.491998,151.639419,588
Auburn Botanic Gardens parkrun,Auburn Botanic Gardens,auburnbotanicgardens,Auburn Botanic Gardens,New South Wales,NSW,-33.859877,151.015305,3747
Australian Botanic Garden Mount Annan parkrun,Australian Botanic Garden Mount Annan,aubotanicgardenmountannan,Australian Botanic Garden Mount Annan,New South Wales,NSW,-34.066408,150.766217,3501
Australian Standing Stones parkrun,Australian Standing Stones,australianstandingstones,Australian Standing Stones,New South Wales,NSW,-29.741602,151.752481,3179
Avondale University College parkrun,Avondale University College,avondaleuniversitycollege,Avondale University College,New South Wales,NSW,-33.088354,151.463247,2827
Ballina Coast parkrun,Ballina Coast,ballinacoast,Ballina,New South Wales,NSW,-28.869637,153.576356,1674
Batemans Bay parkrun,Batemans Bay,batemansbay,Batemans Bay,New South Wales,NSW,-35.712112,150.185995,528
Bathurst parkrun,Bathurst,bathurst,Bicentennial Park,New South Wales,NSW,-33.414176,149.586917,606
Bega parkrun,Bega,bega,Bega Racecourse,New South Wales,NSW,-36.667479,149.843541,1318
Bill Rose Sports Complex parkrun,Bill Rose Sports Complex,billrosesportscomplex,Bill Rose Sports Complex,New South Wales,NSW,-32.054009,150.856114,1138
Blackbutt parkrun,Blackbutt,blackbutt,Richley Recreation Reserve,New South Wales,NSW,-32.932526,151.699755,610
Blue Gum Hills parkrun,Blue Gum Hills,bluegumhills,Blue Gum Hills Regional Park,New South Wales,NSW,-32.884131,151.620206,669
Bongil Bongil parkrun,Bongil Bongil,bongilbongil,Bongil Picnic Area,New South Wales,NSW,-30.372884,153.066759,3854
Bourke Racecourse parkrun,Bourke Racecourse,bourkeracecourse,Bourke Racecourse,New South Wales,NSW,-30.09756,145.92572,2160
Braidwood Showground parkrun,Braidwood Showground,braidwoodshowground,Braidwood Showground,New South Wales,NSW,-35.422759,149.791222,2105
Broken Hill Racecourse parkrun,Broken Hill Racecourse,brokenhillracecourse,Broken Hill Racecourse,New South Wales,NSW,-31.911528,141.483931,2438
Bungendore Common parkrun,Bungendore Common,bungendorecommon,Bungendore Common,New South Wales,NSW,-35.250379,149.446987,3471
"Cameron Park parkrun, Wellington","Cameron Park, Wellington",cameronparkwellington,"Cameron Park, Wellington",New South Wales,NSW,-32.552493,148.941498,3767
Campbelltown parkrun,Campbelltown,campbelltown,Hurricane Drive,New South Wales,NSW,-34.018301,150.814819,751
Casula Parklands parkrun,Casula Parklands,casulaparklands,Casula Parklands,New South Wales,NSW,-33.948703,150.91369,2707
Centennial parkrun,Centennial,centennial,Centennial Park,New South Wales,NSW,-33.898808,151.228564,2156
Chaffey Park parkrun,Chaffey Park,chaffeypark,Chaffey Park,New South Wales,NSW,-30.743124,150.73018,2897
Chipping Norton parkrun,Chipping Norton,chippingnorton,Black Muscat Park,New South Wales,NSW,-33.909244,150.964108,1158
Cobar parkrun,Cobar,cobar,Newey Reserve,New South Wales,NSW,-31.509832,145.831405,1971
Coffs Harbour parkrun,Coffs Harbour,coffsharbour,Park Beach Reserve,New South Wales,NSW,-30.295687,153.1376,745
Constellations of the South parkrun,Constellations of the South,constellationsofthesouth,Constellations of the South,New South Wales,NSW,-30.637282,151.507,3832
Cooks River parkrun,Cooks River,cooksriver,Saint Mary Mackillop Reserve,New South Wales,NSW,-33.913708,151.116857,736
"Cowpasture Reserve parkrun, Camden","Cowpasture Reserve, Camden",cowpasturereservecamden,Nepean River Cycleway,New South Wales,NSW,-34.053665,150.700727,2115
Cowra parkrun,Cowra,cowra,Cowra,New South Wales,NSW,-33.812714,148.703733,978
Cronulla parkrun,Cronulla,cronulla,Don Lucas Reserve,New South Wales,NSW,-34.040937,151.161836,968
Curl Curl parkrun,Curl Curl,curlcurl,John Fisher Park,New South Wales,NSW,-33.766483,151.282339,419
Dhunggaarr Reserve parkrun,Dhunggaarr Reserve,dhunggaarrreserve,Dhunggaarr Reserve,New South Wales,NSW,-31.885091,152.654475,3390
Dolls Point parkrun,Dolls Point,dollspoint,Peter Depena Reserve,New South Wales,NSW,-33.995775,151.144928,1687
Dubbo parkrun,Dubbo,dubbo,Dubbo,New South Wales,NSW,-32.256257,148.591034,1082
East Richmond parkrun,East Richmond,eastrichmond,Ham Common Bicentenary Park,New South Wales,NSW,-33.604814,150.774321,1763
Elara Riparian Parklands parkrun,Elara Riparian Parklands,elarariparianparklands,Elara Riparian Parklands,New South Wales,NSW,-33.693933,150.803885,3758
Fingal Bay parkrun,Fingal Bay,fingalbay,Fingal Bay,New South Wales,NSW,-32.742887,152.170644,488
Forster parkrun,Forster,forster,Forster,New South Wales,NSW,-32.180174,152.519554,1582
Galston parkrun,Galston,galston,Fagan Park,New South Wales,NSW,-33.642734,151.043648,1531
Gloucester District parkrun,Gloucester District,gloucesterdistrict,Gloucester District Park,New South Wales,NSW,-32.00456,151.953594,2617
Goulburn parkrun,Goulburn,goulburn,Marsden Weir Park,New South Wales,NSW,-34.736445,149.706096,1142
Grafton parkrun,Grafton,grafton,Barnier Park,New South Wales,NSW,-29.643847,152.920487,1343
"Grahamstown Aquatic Centre parkrun, Medowie","Grahamstown Aquatic Centre, Medowie",grahamstownaquaticcentremedowie,"Grahamstown Aquatic Centre, Medowie",New South Wales,NSW,-32.759748,151.822113,3599
GreenWay parkrun,GreenWay,greenway,Richard Murden Reserve,New South Wales,NSW,-33.882504,151.14457,1825
Henry Kendall Reserve parkrun,Henry Kendall Reserve,henrykendallreserve,Henry Kendall Reserve,New South Wales,NSW,-31.636004,152.794806,2828
Horseshoe Bay Reserve parkrun,Horseshoe Bay Reserve,horseshoebayreserve,Horseshoe Bay Reserve,New South Wales,NSW,-30.883931,153.042179,2148
Huskisson parkrun,Huskisson,huskisson,Huskisson White Sands Park,New South Wales,NSW,-35.049429,150.677109,1004
Inverell parkrun,Inverell,inverell,Campbell Park,New South Wales,NSW,-29.77388,151.10897,579
Jindabyne parkrun,Jindabyne,jindabyne,Banjo Paterson Park,New South Wales,NSW,-36.41565,148.625881,1990
"Jubilee parkrun, Tenterfield","Jubilee, Tenterfield",jubileetenterfield,"Jubilee, Tenterfield",New South Wales,NSW,-29.054042,152.01537,3454
Kamay parkrun,Kamay,kamay,Yarra Bay Beach,New South Wales,NSW,-33.97993,151.229992,1547
Karoola Park parkrun,Karoola Park,karoolapark,Karoola Park,New South Wales,NSW,-32.255338,150.895351,3025
Kingscliff parkrun,Kingscliff,kingscliff,"Bells Boulevard, SALT Village, Kingsclif",New South Wales,NSW,-28.277477,153.578901,427
Lake Mac parkrun,Lake Mac,lakemac,Lake Macquarie,New South Wales,NSW,-32.972596,151.612487,475
Lakeview parkrun,Lakeview,lakeview,The Shores Way,New South Wales,NSW,-33.030093,151.642302,729
Lawson parkrun,Lawson,lawson,North Lawson Park,New South Wales,NSW,-33.713629,150.426901,822
Leeton Sport and Recreation Precinct parkrun,Leeton Sport and Recreation Precinct,leetonsportandrecreationprecinct,Leeton Sport and Recreation Precinct,New South Wales,NSW,-34.556093,146.411376,2832
Lismore parkrun,Lismore,lismore,Riverside Park,New South Wales,NSW,-28.812589,153.270029,977
Lithgow parkrun,Lithgow,lithgow,Lithgow Pony Club,New South Wales,NSW,-33.494173,150.151201,1618
Macquarie University parkrun,Macquarie University,macquarieuniversity,Macquarie University,New South Wales,NSW,-33.774425,151.114271,3558
Maitland parkrun,Maitland,maitland,Walka Recreation & Wildlife Reserve,New South Wales,NSW,-32.714435,151.552845,663
McLean Beach parkrun,McLean Beach,mcleanbeach,McLean Beach,New South Wales,NSW,-35.519255,144.959987,2867
Menai parkrun,Menai,menai,Parc Menai,New South Wales,NSW,-34.016364,151.015082,1098
Mildura Weir parkrun,Mildura Weir,milduraweir,Mildura Weir - Lock 11,New South Wales,NSW,-34.175887,142.162215,2225
Moree parkrun,Moree,moree,Moree,New South Wales,NSW,-29.46707,149.843183,1523
Mosman parkrun,Mosman,mosman,Spit West Reserve,New South Wales,NSW,-33.806252,151.245989,587
Mt Penang parkrun,Mt Penang,mtpenang,Mt Penang Parklands,New South Wales,NSW,-33.426328,151.293178,805
Mudgee parkrun,Mudgee,mudgee,Mudgee,New South Wales,NSW,-32.589229,149.586719,850
Narrabri parkrun,Narrabri,narrabri,Narrabri West Lake,New South Wales,NSW,-30.33885,149.755908,1075
Narromine Wetlands parkrun,Narromine Wetlands,narrominewetlands,Narromine Wetlands,New South Wales,NSW,-32.246949,148.236598,2216
Nepean River parkrun,Nepean River,nepeanriver,Penrith,New South Wales,NSW,-33.761704,150.664414,1544
Newy parkrun,Newy,newy,"50a Tully St, Carrington, Newcastle NSW",New South Wales,NSW,-32.914566,151.76144,350
North Sydney parkrun,North Sydney,northsydney,St Leonards Park,New South Wales,NSW,-33.830396,151.211772,1975
North Wollongong parkrun,North Wollongong,northwollongong,Fairy Meadow Beach,New South Wales,NSW,-34.395977,150.904866,514
Northparkes Oval parkrun,Northparkes Oval,northparkesoval,Northparkes Oval,New South Wales,NSW,-33.126723,148.18147,2766
Nulkaba parkrun,Nulkaba,nulkaba,St Phillips Christian College,New South Wales,NSW,-32.794952,151.352856,559
Orange parkrun,Orange,orange,Gosling Creek Reserve,New South Wales,NSW,-33.325825,149.089749,1529
Panania parkrun,Panania,panania,Field of Dreams Reserve,New South Wales,NSW,-33.945673,150.993483,1399
Panboola Wetlands parkrun,Panboola Wetlands,panboolawetlands,Panboola Wetlands,New South Wales,NSW,-36.932932,149.876361,3017
Parramatta parkrun,Parramatta,parramatta,Eric Primrose Reserve,New South Wales,NSW,-33.820838,151.063534,396
Penrith Lakes parkrun,Penrith Lakes,penrithlakes,Sydney International Regatta Centre,New South Wales,NSW,-33.725922,150.685741,772
Picton parkrun,Picton,picton,Picton Botanic Gardens Bike Track,New South Wales,NSW,-34.16566,150.610264,1932
Pioneer Dairy parkrun,Pioneer Dairy,pioneerdairy,Pioneer Dairy,New South Wales,NSW,-33.29805,151.427968,2699
Pirrama parkrun,Pirrama,pirrama,Pirrama,New South Wales,NSW,-33.865396,151.191857,3516
Port Macquarie parkrun,Port Macquarie,portmacquarie,Port Macquarie,New South Wales,NSW,-31.42754,152.916551,608
"Queen Elizabeth parkrun, Casino","Queen Elizabeth, Casino",queenelizabethcasino,Queen Elizabeth Park,New South Wales,NSW,-28.867591,153.051164,2368
Reddall Reserve parkrun,Reddall Reserve,reddallreserve,Reddall Reserve,New South Wales,NSW,-34.539216,150.866257,3716
Rex Jackson Oval parkrun,Rex Jackson Oval,rexjacksonoval,Rex Jackson Oval,New South Wales,NSW,-34.188779,150.981697,3459
Rhodes parkrun,Rhodes,rhodes,West Concord,New South Wales,NSW,-33.847462,151.081803,1238
Riverbank parkrun,Riverbank,riverbank,Riverbank Park,New South Wales,NSW,-34.838474,148.909794,2476
Rooty Hill parkrun,Rooty Hill,rootyhill,Blacktown Football Park,New South Wales,NSW,-33.783724,150.868394,1600
Rouse Hill parkrun,Rouse Hill,rousehill,Rouse Hill Regional Park,New South Wales,NSW,-33.679301,150.911109,795
San Remo parkrun,San Remo,sanremo,Edgewater Park,New South Wales,NSW,-33.229509,151.530089,1799
Sandon Point parkrun,Sandon Point,sandonpoint,Sandon Point,New South Wales,NSW,-34.333372,150.924554,512
Shellharbour parkrun,Shellharbour,shellharbour,Killalea Drive,New South Wales,NSW,-34.602608,150.862868,916
Singleton parkrun,Singleton,singleton,Rose Point Park,New South Wales,NSW,-32.565281,151.160776,732
Sky River Path parkrun,Sky River Path,skyriverpath,Sky River Path,New South Wales,NSW,-31.271095,149.278952,3625
Southern Highlands Botanic Gardens parkrun,Southern Highlands Botanic Gardens,southernhighlandsbotanicgardens,Southern Highlands Botanic Gardens,New South Wales,NSW,-34.499624,150.430717,3045
St Peters parkrun,St Peters,stpeters,"Sydney Park, St Peters, Sydney",New South Wales,NSW,-33.907658,151.18219,25
Stockton parkrun,Stockton,stockton,Stockton,New South Wales,NSW,-32.919273,151.78442,988
Tallangatta Station parkrun,Tallangatta Station,tallangattastation,Tallangatta Station,New South Wales,NSW,-36.218537,147.178437,3256
Tamworth parkrun,Tamworth,tamworth,Tamworth,New South Wales,NSW,-31.099559,150.936905,533
Taree parkrun,Taree,taree,Endeavour Place Reserve,New South Wales,NSW,-31.910271,152.468625,1080
Ted Scobie Oval parkrun,Ted Scobie Oval,tedscobieoval,Ted Scobie Oval,New South Wales,NSW,-34.273904,146.074443,2694
The Beaches parkrun,The Beaches,thebeaches,Dixon Park Beach boat ramp,New South Wales,NSW,-32.946293,151.760065,1076
The Entrance parkrun,The Entrance,theentrance,Picnic Point Reserve,New South Wales,NSW,-33.338401,151.493202,1443
The Ponds parkrun,The Ponds,theponds,The Ponds Community Hub,New South Wales,NSW,-33.705952,150.909187,1236
The Terrace parkrun,The Terrace,theterrace,Riverside Park,New South Wales,NSW,-32.761601,151.738939,1389
Two Rivers Wines parkrun,Two Rivers Wines,tworiverswines,Two Rivers Wines,New South Wales,NSW,-32.404772,150.677378,3376
Ulladulla parkrun,Ulladulla,ulladulla,Ulladulla,New South Wales,NSW,-35.35287,150.478122,3896
Urunga parkrun,Urunga,urunga,Urunga Boardwalk,New South Wales,NSW,-30.497475,153.022849,1741
Wagga parkrun,Wagga,wagga,Apex Park,New South Wales,NSW,-35.170935,147.378216,1502
Walcha parkrun,Walcha,walcha,Corner of Hill Street and Middle Street,New South Wales,NSW,-30.981818,151.597579,2654
Wauchope parkrun,Wauchope,wauchope,Rocks Ferry Reserve,New South Wales,NSW,-31.452159,152.744034,1508
Wentworth Common parkrun,Wentworth Common,wentworthcommon,Wentworth Common,New South Wales,NSW,-33.837954,151.075107,2930
Werrington Lakes Reserve parkrun,Werrington Lakes Reserve,werringtonlakesreserve,Werrington Lakes Reserve,New South Wales,NSW,-33.755343,150.738658,2468
Whalan Reserve parkrun,Whalan Reserve,whalanreserve,Whalan Reserve,New South Wales,NSW,-33.75943,150.79587,2826
Wildflower parkrun,Wildflower,wildflower,Ku-ring-gai Wildflower Garden,New South Wales,NSW,-33.705633,151.177321,1931
Willoughby parkrun,Willoughby,willoughby,Artarmon Reserve,New South Wales,NSW,-33.811705,151.193171,1540
Woy Woy parkrun,Woy Woy,woywoy,Lions Park,New South Wales,NSW,-33.484787,151.336038,1987
Yamba parkrun,Yamba,yamba,Ford Park,New South Wales,NSW,-29.435742,153.357271,733
Alice Springs Telegraph Station parkrun,Alice Springs Telegraph Station,alicespringstelegraphstation,Alice Springs Telegraph Station,Northern Territory,NT,-23.673314,133.887883,3646
Darwin parkrun,Darwin,darwin,Bicentennial Park,Northern Territory,NT,-12.466925,130.840725,471
Katherine Hot Springs parkrun,Katherine Hot Springs,katherinehotsprings,Katherine Hot Springs,Northern Territory,NT,-14.482484,132.254944,3398
Lake Mary Ann Tingkkarli parkrun,Lake Mary Ann Tingkkarli,lakemaryanntingkkarli,Lake Mary Ann Tingkkarli,Northern Territory,NT,-19.608546,134.211018,3700
Nightcliff parkrun,Nightcliff,nightcliff,Rapid Creek,Northern Territory,NT,-12.376205,130.857655,1843
Palmerston parkrun,Palmerston,palmerston,Palmerston Water Park,Northern Territory,NT,-12.475829,130.982607,1524
Airlie Beach parkrun,Airlie Beach,airliebeach,Coral Sea Marina,Queensland,QLD,-20.267153,148.711122,534
Aplins Weir parkrun,Aplins Weir,aplinsweir,Aplins Weir,Queensland,QLD,-19.302328,146.782361,1901
Ashgrove parkrun,Ashgrove,ashgrove,Ashgrove Sportsground,Queensland,QLD,-27.442334,152.972975,1317
Atherton parkrun,Atherton,atherton,Atherton Tablelands railtrail,Queensland,QLD,-17.275414,145.471686,987
Bargara parkrun,Bargara,bargara,Nielson Park,Queensland,QLD,-24.806914,152.456905,604
Baringa parkrun,Baringa,baringa,Baringa Sports Grounds,Queensland,QLD,-26.806829,153.080945,2197
Berrinba parkrun,Berrinba,berrinba,Berrinba Wetlands,Queensland,QLD,-27.665606,153.077193,917
Binda Park parkrun,Binda Park,bindapark,Binda Park,Queensland,QLD,-22.004623,148.037729,3499
Birtinya Island parkrun,Birtinya Island,birtinyaisland,Birtinya Island,Queensland,QLD,-26.74229,153.120471,3596
Bowen parkrun,Bowen,bowen,Bowen,Queensland,QLD,-19.985467,148.257052,1491
Brightwater parkrun,Brightwater,brightwater,Brightwater Sports Ground,Queensland,QLD,-26.709852,153.106718,1032
"Brisbane Valley Rail Trail parkrun, Blackbutt",Brisbane Valley Rail Trail,brisbanevalleyrailtrail,Brisbane Valley Rail Trail,Queensland,QLD,-26.882628,152.102115,3185
Broadbeach Waters parkrun,Broadbeach Waters,broadbeachwaters,Monaco Street,Queensland,QLD,-28.018497,153.412292,878
Bundaberg parkrun,Bundaberg,bundaberg,Queens Park,Queensland,QLD,-24.86835,152.330781,1637
Bunyaville parkrun,Bunyaville,bunyaville,James Drysdale Recreational Conservation Centre,Queensland,QLD,-27.377306,152.949138,571
Burrum Heads Beach parkrun,Burrum Heads Beach,burrumheadsbeach,Burrum Heads Beach,Queensland,QLD,-25.204584,152.630279,3623
Cairns parkrun,Cairns,cairns,Cairns Esplanade,Queensland,QLD,-16.904574,145.763211,544
Calamvale parkrun,Calamvale,calamvale,Calamvale District Park,Queensland,QLD,-27.620775,153.039287,685
Capalaba parkrun,Capalaba,capalaba,Capalaba Regional Park,Queensland,QLD,-27.521405,153.186858,849
Capestone Lake parkrun,Capestone Lake,capestonelake,Capestone Lake,Queensland,QLD,-27.233548,153.039406,3436
Cardwell parkrun,Cardwell,cardwell,Cardwell,Queensland,QLD,-18.263036,146.025909,1848
Centenary parkrun,Centenary,centenary,Centenary Park,Queensland,QLD,-22.81841,147.642912,2709
Central Lakes parkrun,Central Lakes,centrallakes,Central Lakes Drive,Queensland,QLD,-27.07755,152.973187,836
Charleys Creek parkrun,Charleys Creek,charleyscreek,Rotary Park,Queensland,QLD,-26.736553,150.623683,2396
Charters Towers Airport parkrun,Charters Towers Airport,charterstowersairport,Charters Towers Airport,Queensland,QLD,-20.044688,146.273413,3024
Chermside parkrun,Chermside,chermside,"Kidspace Playground, 7th Brigade Park",Queensland,QLD,-27.37896,153.033507,942
Cleveland parkrun,Cleveland,cleveland,Cleveland,Queensland,QLD,-27.539355,153.274298,550
Cloncurry parkrun,Cloncurry,cloncurry,Mary K Park,Queensland,QLD,-20.70873,140.519814,1760
Coolum Eco parkrun,Coolum Eco,coolumeco,Coolum Eco,Queensland,QLD,-26.51794,153.062671,3732
Coomera parkrun,Coomera,coomera,Tallowwood Park,Queensland,QLD,-27.885247,153.281709,365
Cormorant Bay parkrun,Cormorant Bay,cormorantbay,Cormorant Bay Recreational Reserve,Queensland,QLD,-27.401736,152.622246,2028
Dalby parkrun,Dalby,dalby,Dalby,Queensland,QLD,-27.188036,151.262339,637
Ecco Ripley parkrun,Ecco Ripley,eccoripley,Ecco Ripley,Queensland,QLD,-27.681056,152.80014,2866
Elliott Heads Beach parkrun,Elliott Heads Beach,elliottheadsbeach,Elliott Heads Beach,Queensland,QLD,-24.92193,152.491565,3040
Emerald parkrun,Emerald,emerald,Botanical Gardens,Queensland,QLD,-23.535317,148.165534,614
Fodder Forest parkrun,Fodder Forest,fodderforest,Fodder Forest,Queensland,QLD,-27.583123,153.293958,2908
Forest Lake parkrun,Forest Lake,forestlake,Forest Lake Sports Fields,Queensland,QLD,-27.61964,152.967745,1202
Gainsborough Parklands parkrun,Gainsborough Parklands,gainsboroughparklands,Gainsborough Parklands,Queensland,QLD,-27.812345,153.299229,3629
Gatton parkrun,Gatton,gatton,Lake Apex,Queensland,QLD,-27.570426,152.270476,542
Gayndah River Walk parkrun,Gayndah River Walk,gayndahriverwalk,Gayndah River Walk,Queensland,QLD,-25.624063,151.611063,2806
Gladstone QLD parkrun,Gladstone QLD,gladstoneqld,Lions Park,Queensland,QLD,-23.857219,151.234053,553
Glass House Mountains Conservation parkrun,Glass House Mountains Conservation,glasshousemountainsconservation,Glass House Mountains Conservation Park,Queensland,QLD,-26.986817,152.823678,2294
Glenoma parkrun,Glenoma,glenoma,Glenoma Park,Queensland,QLD,-16.899012,145.708784,2918
Golden Beach parkrun,Golden Beach,goldenbeach,Woorim Park,Queensland,QLD,-26.829014,153.120795,706
Goondiwindi parkrun,Goondiwindi,goondiwindi,Goondiwindi,Queensland,QLD,-28.54951,150.307043,1151
Graham Andrews parkrun,Graham Andrews,grahamandrews,Graham Andrews Parkland,Queensland,QLD,-26.412576,146.244782,2261
Greenbank parkrun,Greenbank,greenbank,Spring Mountain Reserve,Queensland,QLD,-27.739202,152.922846,1713
Greenheart Robina Parklands parkrun,Greenheart Robina Parklands,greenheartrobinaparklands,Greenheart Robina Parklands,Queensland,QLD,-28.063017,153.382328,3895
Hamilton Island parkrun,Hamilton Island,hamiltonisland,Hamilton Island,Queensland,QLD,-20.345551,148.95513,1222
Harmony Boulevard parkrun,Harmony Boulevard,harmonyboulevard,Harmony Boulevard Park,Queensland,QLD,-26.738409,153.059891,3321
Harris Avenue parkrun,Harris Avenue,harrisavenue,Harris Avenue Sports Centre,Queensland,QLD,-27.171876,152.94537,2457
Hervey Bay parkrun,Hervey Bay,herveybay,Lions Park,Queensland,QLD,-25.283163,152.90367,668
Hidden Vale parkrun,Hidden Vale,hiddenvale,Hidden Vale,Queensland,QLD,-27.716932,152.46597,3654
Highfields parkrun,Highfields,highfields,Kratzke Oval,Queensland,QLD,-27.446059,151.968834,1358
Ipswich QLD parkrun,Ipswich QLD,ipswichqld,Bill Patterson Oval,Queensland,QLD,-27.625421,152.764292,515
Jeune Park parkrun,Jeune Park,jeunepark,Jeune Park,Queensland,QLD,-27.993368,152.992548,3455
Kawana parkrun,Kawana,kawana,Kawana Surf Club,Queensland,QLD,-26.702046,153.135488,428
Kedron parkrun,Kedron,kedron,Kedron,Queensland,QLD,-27.406927,153.046297,1427
Kelvin Grove parkrun,Kelvin Grove,kelvingrove,Bishop Street Park,Queensland,QLD,-27.441334,153.009807,1867
Kershaw Gardens parkrun,Kershaw Gardens,kershawgardens,Kershaw Gardens,Queensland,QLD,-23.361038,150.51636,3879
Kewarra Beach parkrun,Kewarra Beach,kewarrabeach,Kewarra Beach,Queensland,QLD,-16.777676,145.683914,3706
Kirra parkrun,Kirra,kirra,"Kirra Beach, Gold Coast QLD, Australia",Queensland,QLD,-28.166758,153.522781,349
Logan River parkrun,Logan River,loganriver,Logan River parklands,Queensland,QLD,-27.698831,153.192024,504
Lota parkrun,Lota,lota,Lota Camping Reserve,Queensland,QLD,-27.468558,153.193225,1762
Mackay parkrun,Mackay,mackay,Mackay Botanic Gardens,Queensland,QLD,-21.152238,149.155797,657
Main Beach parkrun,Main Beach,mainbeach,"Main Beach, Goldcoast",Queensland,QLD,-27.972706,153.428879,205
Maleny Trail parkrun,Maleny Trail,malenytrail,Maleny Trail,Queensland,QLD,-26.760218,152.860806,2803
"Mansfield parkrun, Queensland",Mansfield QLD,mansfieldqld,Tillack Park,Queensland,QLD,-27.522987,153.101744,1681
Mareeba Rail Trail parkrun,Mareeba Rail Trail,mareebarailtrail,Mareeba Rail Trail,Queensland,QLD,-17.010074,145.424039,3604
Maryborough parkrun,Maryborough,maryborough,Anzac Park/Ululah Lagoon,Queensland,QLD,-25.533689,152.686507,1140
Meadowbrook parkrun,Meadowbrook,meadowbrook,Riverdale Park,Queensland,QLD,-27.673493,153.155785,1503
Miles parkrun,Miles,miles,Moraby Park,Queensland,QLD,-26.656701,150.180284,1767
Minnippi parkrun,Minnippi,minnippi,Meadowfields Road,Queensland,QLD,-27.49331,153.118679,670
Mitchelton parkrun,Mitchelton,mitchelton,Teralba Park,Queensland,QLD,-27.404423,152.979298,496
Mount Isa parkrun,Mount Isa,mountisa,Tharrapatha Way,Queensland,QLD,-20.702319,139.492772,808
Mudgeeraba parkrun,Mudgeeraba,mudgeeraba,Darcy Doyle Park,Queensland,QLD,-28.086682,153.364098,644
Mudjimba Beach parkrun,Mudjimba Beach,mudjimbabeach,Cnr Mudjimba Beach Esplanade and Mudjimb,Queensland,QLD,-26.615149,153.100818,2052
Nambour parkrun,Nambour,nambour,Parklands Regional Park,Queensland,QLD,-26.594251,152.973543,1360
Nathan Road Sports Ground parkrun,Nathan Road Sports Ground,nathanroadsportsground,Nathan Road Sports Ground,Queensland,QLD,-27.211218,153.073387,2878
New Farm parkrun,New Farm,newfarm,"New Farm, Brisbane",Queensland,QLD,-27.471134,153.051636,193
Noosa parkrun,Noosa,noosa,Noosaville,Queensland,QLD,-26.40872,153.030388,499
North Harbour parkrun,North Harbour,northharbour,North Harbour Heritage Park,Queensland,QLD,-27.106368,152.998427,1783
North Lakes parkrun,North Lakes,northlakes,"Eden Lake, North Lakes, Queensland",Queensland,QLD,-27.23669,153.020729,424
North Shore parkrun,North Shore,northshore,North Shore,Queensland,QLD,-19.252326,146.70074,513
Oakey parkrun,Oakey,oakey,Oakey Park,Queensland,QLD,-27.429333,151.720815,1739
Ocean View parkrun,Ocean View,oceanview,Ocean View Estates,Queensland,QLD,-27.121296,152.802517,1954
Old Esk Railway Station parkrun,Old Esk Railway Station,oldeskrailwaystation,Old Esk Railway Station,Queensland,QLD,-27.241567,152.41977,3550
Old Thomson River Road parkrun,Old Thomson River Road,oldthomsonriverroad,Old Thomson River Road,Queensland,QLD,-23.436746,144.243624,2797
Pallara parkrun,Pallara,pallara,Brookbent Road Park,Queensland,QLD,-27.609314,153.011071,2033
Palm Creek parkrun,Palm Creek,palmcreek,Palm Creek,Queensland,QLD,-18.651491,146.161677,3407
Paradise Point parkrun,Paradise Point,paradisepoint,Paradise Point,Queensland,QLD,-27.885082,153.396218,1342
Parklakes Wetlands parkrun,Parklakes Wetlands,parklakeswetlands,Parklakes Wetlands,Queensland,QLD,-26.604659,153.024148,3839
Petrie parkrun,Petrie,petrie,Sweeney Reserve,Queensland,QLD,-27.273406,152.974425,1341
Picnic Point Parklands parkrun,Picnic Point Parklands,picnicpointparklands,Picnic Point Parklands,Queensland,QLD,-27.578938,151.986016,3173
Pittsworth parkrun,Pittsworth,pittsworth,Pittsworth,Queensland,QLD,-27.712352,151.641106,813
Plantation parkrun,Plantation,plantation,Plantation Park,Queensland,QLD,-19.584321,147.401024,1860
Point Vernon Foreshore Reserve parkrun,Point Vernon Foreshore Reserve,pointvernonforeshorereserve,Point Vernon Foreshore Reserve,Queensland,QLD,-25.258635,152.825102,3766
Railway Park parkrun,Railway Park,railwaypark,Railway Park,Queensland,QLD,-26.164413,151.600195,2906
Redcliffe parkrun,Redcliffe,redcliffe,"Suttons Beach Park, Marine Parade",Queensland,QLD,-27.235456,153.114827,888
Redland Bay parkrun,Redland Bay,redlandbay,Sel Outridge Park,Queensland,QLD,-27.614582,153.307539,1679
Riverway parkrun,Riverway,riverway,Riverway Lagoon,Queensland,QLD,-19.320306,146.73018,429
Robelle Domain parkrun,Robelle Domain,robelledomain,Robelle Domain,Queensland,QLD,-27.680012,152.903883,3123
Rockhampton parkrun,Rockhampton,rockhampton,Botanic Gardens,Queensland,QLD,-23.400579,150.491432,634
Rocks Riverside parkrun,Rocks Riverside,rocksriverside,Rocks Riverside Park,Queensland,QLD,-27.542633,152.959235,558
Roma parkrun,Roma,roma,Roma,Queensland,QLD,-26.567166,148.789054,661
Ros Gregor Trail parkrun,Ros Gregor Trail,rosgregortrail,Ros Gregor Trail,Queensland,QLD,-26.681999,151.993762,2494
S.S. Koopa Trail parkrun,S.S. Koopa Trail,sskoopatrail,Bribie Island Lions Park,Queensland,QLD,-27.065817,153.145072,2796
Samford Parklands parkrun,Samford Parklands,samfordparklands,Samford Parklands,Queensland,QLD,-27.356315,152.88284,3545
Sandgate parkrun,Sandgate,sandgate,Arthur Davis Park,Queensland,QLD,-27.311291,153.068234,433
Scribbly Gums Conservation parkrun,Scribbly Gums Conservation,scribblygumsconservation,Scribbly Gums Conservation Area,Queensland,QLD,-27.52964,153.235428,3150
Seaview parkrun,Seaview,seaview,Seaview,Queensland,QLD,-21.035236,149.165504,3515
Sirromet parkrun,Sirromet,sirromet,Sirromet Wines,Queensland,QLD,-27.593935,153.230817,1396
South Bank parkrun,South Bank,southbank,South Bank Parklands,Queensland,QLD,-27.478872,153.023962,434
South Toowoomba parkrun,South Toowoomba,southtoowoomba,Middle Ridge Park,Queensland,QLD,-27.594604,151.956346,1911
St George parkrun,St George,stgeorge,St George,Queensland,QLD,-28.044422,148.568244,1771
St Lucia parkrun,St Lucia,stlucia,University of Queensland,Queensland,QLD,-27.495122,153.017796,929
Stanthorpe parkrun,Stanthorpe,stanthorpe,Gleeson Park,Queensland,QLD,-28.65183,151.931781,691
Stones Corner parkrun,Stones Corner,stonescorner,Hanlon Park,Queensland,QLD,-27.498722,153.042469,796
Surat Memorial Park parkrun,Surat Memorial Park,suratmemorialpark,Surat Memorial Park,Queensland,QLD,-27.150931,149.069512,3611
Surfers Paradise parkrun,Surfers Paradise,surfersparadise,HOTA - Home of the Arts,Queensland,QLD,-28.000737,153.417365,1357
Tamborine Mountain parkrun,Tamborine Mountain,tamborinemountain,Tamborine Mountain Sports Complex,Queensland,QLD,-27.941377,153.193434,771
Tannum Sands parkrun,Tannum Sands,tannumsands,Canoe Point Park,Queensland,QLD,-23.93798,151.364976,1614
Toowoomba parkrun,Toowoomba,toowoomba,Queens Park,Queensland,QLD,-27.56019,151.963926,493
Underwood Park parkrun,Underwood Park,underwoodpark,Underwood Park,Queensland,QLD,-27.598691,153.147211,1604
Varsity Lakes parkrun,Varsity Lakes,varsitylakes,Varsity Lakes,Queensland,QLD,-28.084627,153.410554,476
Victory Heights Trail parkrun,Victory Heights Trail,victoryheightstrail,Victory Heights Recreational Trails,Queensland,QLD,-26.171845,152.680084,2161
Warner Lakes parkrun,Warner Lakes,warnerlakes,Dragonfly Park,Queensland,QLD,-27.306906,152.955385,1074
Warwick parkrun,Warwick,warwick,Condamine River,Queensland,QLD,-28.209605,152.038465,597
Waterloo Plains parkrun,Waterloo Plains,waterlooplains,Waterloo Plains Environmental Park,Queensland,QLD,-26.11661,149.958153,2771
Weipa parkrun,Weipa,weipa,Weipa,Queensland,QLD,-12.64068,141.865454,1512
Wes Mitchell Park parkrun,Wes Mitchell Park,wesmitchellpark,Wes Mitchell Park,Queensland,QLD,-25.915262,153.006603,3311
White Rock parkrun,White Rock,whiterock,White Rock,Queensland,QLD,-27.676652,152.849745,1632
Wishart parkrun,Wishart,wishart,Wishart Community Park,Queensland,QLD,-27.560975,153.103468,798
Wondai parkrun,Wondai,wondai,Wondai,Queensland,QLD,-26.318523,151.872411,1620
Workman’s Beach parkrun,Workman’s Beach,workmansbeach,Workman’s Beach,Queensland,QLD,-24.211762,151.913142,3573
Wynnum parkrun,Wynnum,wynnum,"Wynnum Manly Foreshore, QLD",Queensland,QLD,-27.442933,153.177898,417
Yarrabilba parkrun,Yarrabilba,yarrabilba,Darlington Parklands,Queensland,QLD,-27.80288,153.10409,809
Yeppoon parkrun,Yeppoon,yeppoon,Yeppoon,Queensland,QLD,-23.128177,150.739086,793
Yowie parkrun,Yowie,yowie,Yowie Park,Queensland,QLD,-26.947949,152.562585,2222
Zillmere parkrun,Zillmere,zillmere,O‘Callaghan Park,Queensland,QLD,-27.361066,153.041015,1838
Aldinga Beach parkrun,Aldinga Beach,aldingabeach,The Esplanade,South Australia,SA,-35.287768,138.444983,1721
Anstey Hill Recreation parkrun,Anstey Hill Recreation,ansteyhillrecreation,Anstey Hill Recreation,South Australia,SA,-34.825885,138.728048,2922
Belair National Park parkrun,Belair National Park,belairnationalpark,Belair National Park,South Australia,SA,-35.011616,138.636344,3406
Carisbrooke parkrun,Carisbrooke,carisbrooke,Carisbrooke Park,South Australia,SA,-34.754627,138.677757,1738
"Charleston parkrun, South Australia","Charleston, South Australia",charlestonsouthaustralia,Amy Gillett Trail,South Australia,SA,-34.916841,138.903161,2110
Christies Beach parkrun,Christies Beach,christiesbeach,Christies Beach,South Australia,SA,-35.135628,138.46916,1514
Clare Valley parkrun,Clare Valley,clarevalley,Clare Showgrounds,South Australia,SA,-33.866335,138.625011,1177
Cleland parkrun,Cleland,cleland,Cleland Conservation Park,South Australia,SA,-34.964185,138.698602,1706
Coober Pedy Oval parkrun,Coober Pedy Oval,cooberpedyoval,Coober Pedy Oval,South Australia,SA,-29.018468,134.754566,3136
Copper Trail parkrun,Copper Trail,coppertrail,Copper Trail,South Australia,SA,-33.95397,137.667378,2945
Drage Reserve parkrun,Drage Reserve,dragereserve,Drage Reserve,South Australia,SA,-34.887194,138.640862,3617
Edithburgh parkrun,Edithburgh,edithburgh,Edithburgh Tidal Pool,South Australia,SA,-35.080717,137.747177,1918
Gawler parkrun,Gawler,gawler,Clonlea Reserve,South Australia,SA,-34.590841,138.750027,1106
Goolwa parkrun,Goolwa,goolwa,Richard Ballard Park,South Australia,SA,-35.499385,138.789448,1933
Jamestown Golf Course parkrun,Jamestown Golf Course,jamestowngolfcourse,Jamestown Golf Course,South Australia,SA,-33.228546,138.561957,2983
Jubilee Way parkrun,Jubilee Way,jubileeway,Jubilee Community Centre,South Australia,SA,-34.806102,138.69439,1976
Kangaroo Island parkrun,Kangaroo Island,kangarooisland,Kingscote,South Australia,SA,-35.655848,137.640473,1751
Largs Bay parkrun,Largs Bay,largsbay,Largs Bay,South Australia,SA,-34.825832,138.485654,1872
Lochiel parkrun,Lochiel,lochiel,Geoff Health Golf,South Australia,SA,-34.880815,138.649251,1325
Maria Creek Reserve parkrun,Maria Creek Reserve,mariacreekreserve,Maria Creek Reserve,South Australia,SA,-36.82741,139.850911,3199
Mawson Lakes parkrun,Mawson Lakes,mawsonlakes,Mawson Lakes,South Australia,SA,-34.81134,138.616733,1162
Memorial Park parkrun,Memorial Park,memorialpark,Memorial Park,South Australia,SA,-33.179621,138.005566,3132
Meningie parkrun,Meningie,meningie,248 Esplanade,South Australia,SA,-35.68627,139.338438,2055
Moana parkrun,Moana,moana,Moana Surf Life Saving Club,South Australia,SA,-35.197847,138.470913,1883
Mount Barker parkrun,Mount Barker,mountbarker,Mount Barker Homemaker Centre,South Australia,SA,-35.069655,138.867869,506
Mount Gambier parkrun,Mount Gambier,mountgambier,Blue Lake Reserve,South Australia,SA,-37.84289,140.777854,672
Myponga Reservoir parkrun,Myponga Reservoir,mypongareservoir,Myponga Reservoir,South Australia,SA,-35.394655,138.452385,3029
Nantu Wama parkrun,Nantu Wama,nantuwama,Nantu Wama/Lefevre Park,South Australia,SA,-34.905183,138.600665,3090
Naracoorte Lake parkrun,Naracoorte Lake,naracoortelake,Naracoorte Swimming Lake,South Australia,SA,-36.949411,140.741843,2287
Narooma Wetlands parkrun,Narooma Wetlands,naroomawetlands,Narooma Wetlands,South Australia,SA,-35.12956,139.293059,3285
Nuriootpa parkrun,Nuriootpa,nuriootpa,"Coulthard Reserve, Nuriootpa",South Australia,SA,-34.466685,139.006952,1722
Oaklands Estate Reserve parkrun,Oaklands Estate Reserve,oaklandsestatereserve,Oaklands Estate Reserve,South Australia,SA,-34.999482,138.548072,2982
Pakapakanthi parkrun,Pakapakanthi,pakapakanthi,Pakapakanthi/Victoria Park,South Australia,SA,-34.928906,138.617578,2061
Parkindula Reserve parkrun,Parkindula Reserve,parkindulareserve,Parkindula Reserve,South Australia,SA,-35.090709,138.867671,3250
Patawalonga River parkrun,Patawalonga River,patawalongariver,Anderson Avenue,South Australia,SA,-34.963603,138.516116,2868
Port Augusta parkrun,Port Augusta,portaugusta,Eastside Foreshore (underneath the Joy Baluch),South Australia,SA,-32.4874,137.764721,986
Port Broughton parkrun,Port Broughton,portbroughton,Port Broughton Foreshore,South Australia,SA,-33.598731,137.929613,1820
Port Lincoln parkrun,Port Lincoln,portlincoln,Port Lincoln,South Australia,SA,-34.720803,135.860614,1728
Renmark parkrun,Renmark,renmark,Renmark Riverfront,South Australia,SA,-34.17425,140.751235,1497
Reynella East parkrun,Reynella East,reynellaeast,The Wetlands,South Australia,SA,-35.088747,138.558626,1761
Seacliff Esplanade parkrun,Seacliff Esplanade,seacliffesplanade,248 Esplanade,South Australia,SA,-35.035682,138.516667,2083
Shiraz Trail parkrun,Shiraz Trail,shiraztrail,The Shiraz Trail,South Australia,SA,-35.217671,138.547611,2322
South Para Reservoir parkrun,South Para Reservoir,southparareservoir,South Para Reservoir,South Australia,SA,-34.683829,138.877987,2845
Stebonheath parkrun,Stebonheath,stebonheath,Stebonheath Park,South Australia,SA,-34.676285,138.66393,2094
Strathalbyn parkrun,Strathalbyn,strathalbyn,Rotary Park,South Australia,SA,-35.258681,138.89303,1496
The Avenues parkrun,The Avenues,theavenues,The Avenues,South Australia,SA,-35.209252,138.709337,2852
Torrens parkrun,Torrens,torrens,Torrens Lake Weir,South Australia,SA,-34.917551,138.587444,447
Victor Harbor parkrun,Victor Harbor,victorharbor,Victor Harbor,South Australia,SA,-35.565657,138.611096,802
Waikerie Wetlands parkrun,Waikerie Wetlands,waikeriewetlands,Waikerie Wetlands,South Australia,SA,-34.174394,139.980451,3606
West Beach parkrun,West Beach,westbeach,Harold and Cynthia reserve,South Australia,SA,-34.939218,138.499643,1473
Whyalla Foreshore parkrun,Whyalla Foreshore,whyallaforeshore,Whyalla Foreshore,South Australia,SA,-33.040603,137.585902,3449
Yeldulknie Weir Trail parkrun,Yeldulknie Weir Trail,yeldulknieweirtrail,Yeldulknie Weir Trail,South Australia,SA,-33.70206,136.50305,2316
Bellerive parkrun,Bellerive,bellerive,Bellerive Beach Park,Tasmania,TAS,-42.878181,147.37175,1887
Bells Parade parkrun,Bells Parade,bellsparade,Bells Parade,Tasmania,TAS,-41.228831,146.401326,3085
Burnie parkrun,Burnie,burnie,Burnie Foreshore,Tasmania,TAS,-41.049194,145.905,1944
Devonport parkrun,Devonport,devonport,Mersey Bluff,Tasmania,TAS,-41.162847,146.356321,546
Geeveston parkrun,Geeveston,geeveston,"Heritage Park,",Tasmania,TAS,-43.163256,146.925685,2022
George Town parkrun,George Town,georgetown,Kanamaluka trail,Tasmania,TAS,-41.109186,146.821208,1660
Hoblers Bridge Reserve parkrun,Hoblers Bridge Reserve,hoblersbridgereserve,Hoblers Bridge Reserve,Tasmania,TAS,-41.436491,147.170722,3630
Inveresk Precinct parkrun,Inveresk Precinct,invereskprecinct,"Inveresk Precinct, Launceston, Tasmania",Tasmania,TAS,-41.425512,147.14088,452
Kate Reed parkrun,Kate Reed,katereed,Kate Reed Recreation Area,Tasmania,TAS,-41.47567,147.138035,2686
Kingston Park parkrun,Kingston Park,kingstonpark,Kingston Park,Tasmania,TAS,-42.972838,147.309649,2475
Montrose Foreshore parkrun,Montrose Foreshore,montroseforeshore,Montrose Foreshore Community Park,Tasmania,TAS,-42.8227,147.269908,2078
Our Park parkrun,Our Park,ourpark,Our Park,Tasmania,TAS,-42.559297,147.876873,2685
O’Connors Beach parkrun,O’Connors Beach,oconnorsbeach,O’Connors Beach,Tasmania,TAS,-41.338567,148.274083,3238
Pembroke parkrun,Pembroke,pembroke,Pembroke Park,Tasmania,TAS,-42.780686,147.558066,2814
Port Sorell parkrun,Port Sorell,portsorell,Port Sorell Surf Lifesaving Club,Tasmania,TAS,-41.151526,146.541641,1972
Queens Domain parkrun,Queens Domain,queensdomain,Queens Domain,Tasmania,TAS,-42.863822,147.31775,1816
Railton parkrun,Railton,railton,Lions Park,Tasmania,TAS,-41.347581,146.424482,1755
Risdon Brook parkrun,Risdon Brook,risdonbrook,Risdon Brook Park,Tasmania,TAS,-42.804471,147.332352,446
Tynwald Park parkrun,Tynwald Park,tynwaldpark,Tynwald Park,Tasmania,TAS,-42.776331,147.071624,3121
Westbury Town Common parkrun,Westbury Town Common,westburytowncommon,Westbury Town Common,Tasmania,TAS,-41.528688,146.825856,3092
Whitemark Wharf parkrun,Whitemark Wharf,whitemarkwharf,Whitemark Wharf,Tasmania,TAS,-40.121659,148.013824,2355
Windsor Precinct parkrun,Windsor Precinct,windsorprecinct,Windsor Precinct,Tasmania,TAS,-41.403535,147.095454,1752
Wynyard Foreshore parkrun,Wynyard Foreshore,wynyardforeshore,East Wynyard Foreshore,Tasmania,TAS,-40.98771,145.738245,538
Zeehan Golf Club parkrun,Zeehan Golf Club,zeehangolfclub,Zeehan Golf Club,Tasmania,TAS,-41.889891,145.322678,3428
Aintree Reserve parkrun,Aintree Reserve,aintreereserve,Aintree Reserve,Victoria,VIC,-37.712795,144.673619,3588
"Albert parkrun, Melbourne",Albert Melbourne,albertmelbourne,"Albert Park, Melbourne, Australia",Victoria,VIC,-37.843521,144.96312,52
Altona Beach parkrun,Altona Beach,altonabeach,Apex Park,Victoria,VIC,-37.875236,144.811911,1237
Ararat parkrun,Ararat,ararat,Alexandra Gardens,Victoria,VIC,-37.279712,142.928756,1649
Aurora parkrun,Aurora,aurora,Aurora Town Centre Park,Victoria,VIC,-37.622365,145.00465,2541
Bairnsdale parkrun,Bairnsdale,bairnsdale,Bairnsdale,Victoria,VIC,-37.823487,147.632774,1416
Ball Park parkrun,Ball Park,ballpark,Ball Park,Victoria,VIC,-36.000667,146.393936,3426
Balyang Sanctuary parkrun,Balyang Sanctuary,balyangsanctuary,Balyang Sanctuary,Victoria,VIC,-38.166457,144.331179,395
Bannockburn Bush parkrun,Bannockburn Bush,bannockburnbush,Bannockburn,Victoria,VIC,-38.063066,144.142907,1740
Beaufort Lake parkrun,Beaufort Lake,beaufortlake,Beaufort Lake,Victoria,VIC,-37.439405,143.382552,3112
Belvedere parkrun,Belvedere,belvedere,Belvedere,Victoria,VIC,-38.105426,145.155851,3693
Benalla Botanical Gardens parkrun,Benalla Botanical Gardens,benallabotanicalgardens,Benalla Botanical Gardens,Victoria,VIC,-36.553856,145.977439,2540
Bendigo Botanic Gardens parkrun,Bendigo Botanic Gardens,bendigobotanicgardens,Bendigo Botanic Gardens,Victoria,VIC,-36.725618,144.305636,2653
Berwick Springs parkrun,Berwick Springs,berwicksprings,Berwick Springs Promenade,Victoria,VIC,-38.062069,145.322932,617
Berwick Waters parkrun,Berwick Waters,berwickwaters,Berwick Waters Playground,Victoria,VIC,-38.078218,145.342965,2486
Birdsland Reserve parkrun,Birdsland Reserve,birdslandreserve,Birdsland Reserve,Victoria,VIC,-37.923408,145.335724,2300
Breen Avenue Walking Track parkrun,Breen Avenue Walking Track,breenavenuewalkingtrack,Breen Avenue Walking Track,Victoria,VIC,-36.313671,145.053225,3855
Bright parkrun,Bright,bright,Mystic Plantation,Victoria,VIC,-36.743803,146.978,1821
Brimbank parkrun,Brimbank,brimbank,Brimbank Park,Victoria,VIC,-37.727547,144.834123,1033
Calembeen parkrun,Calembeen,calembeen,Calembeen Park,Victoria,VIC,-37.419365,143.889512,3183
Campaspe parkrun,Campaspe,campaspe,Campaspe Park,Victoria,VIC,-37.354683,144.531445,2527
Cascades on Clyde Wetlands parkrun,Cascades on Clyde Wetlands,cascadesonclydewetlands,Cascades on Clyde Wetlands,Victoria,VIC,-38.100383,145.325835,2818
Castlemaine parkrun,Castlemaine,castlemaine,Castlemaine Botanical Gardens,Victoria,VIC,-37.050794,144.217649,1246
Chelsea Bicentennial parkrun,Chelsea Bicentennial,chelseabicentennial,Chelsea Bicentennial Park,Victoria,VIC,-38.049247,145.12656,1518
Churchill parkrun,Churchill,churchill,Eel Hole Creek,Victoria,VIC,-38.312871,146.422465,1400
Cobram parkrun,Cobram,cobram,Thompsons Beach,Victoria,VIC,-35.913461,145.668554,1468
Coburg parkrun,Coburg,coburg,Coburg Lake Reserve,Victoria,VIC,-37.733811,144.968861,1062
Cohuna parkrun,Cohuna,cohuna,Cohuna,Victoria,VIC,-35.809232,144.223054,1596
Cruickshank Park parkrun,Cruickshank Park,cruickshankpark,Cruickshank Park,Victoria,VIC,-37.817195,144.876886,3840
Cyril Curtain Reserve parkrun,Cyril Curtain Reserve,cyrilcurtainreserve,Cyril Curtain Reserve,Victoria,VIC,-37.872231,144.902847,2657
Dandenong parkrun,Dandenong,dandenong,Dandenong Park,Victoria,VIC,-37.991139,145.215644,2631
Darebin parkrun,Darebin,darebin,C T Barling Reserve,Victoria,VIC,-37.721239,145.034293,1636
De Soza parkrun,De Soza,desoza,De Soza,Victoria,VIC,-37.649085,143.883626,3789
Diamond Creek parkrun,Diamond Creek,diamondcreek,Marngrook Oval,Victoria,VIC,-37.673576,145.153249,593
Dixon Field parkrun,Dixon Field,dixonfield,Dixon Field,Victoria,VIC,-37.483912,144.584456,3263
Dorset Recreation Reserve parkrun,Dorset Recreation Reserve,dorsetrecreationreserve,Dorset Recreation Reserve,Victoria,VIC,-37.805244,145.29128,2864
Eastern Gardens parkrun,Eastern Gardens,easterngardens,Eastern Park,Victoria,VIC,-38.147322,144.378578,2054
Echuca Moama parkrun,Echuca Moama,echucamoama,Lions Park,Victoria,VIC,-36.139104,144.739213,1663
Eildon Pondage parkrun,Eildon Pondage,eildonpondage,Eildon Pondage,Victoria,VIC,-37.242627,145.906145,3634
Emerald Lake parkrun,Emerald Lake,emeraldlake,Emerald Lake,Victoria,VIC,-37.930268,145.458234,3574
Euroa parkrun,Euroa,euroa,Sevens Creek Park,Victoria,VIC,-36.752767,145.573825,1973
Frank Keenan Reserve parkrun,Frank Keenan Reserve,frankkeenanreserve,Frank Keenan Reserve,Victoria,VIC,-36.002211,146.02204,3070
Frankston Nature Conservation Reserve parkrun,Frankston Nature Conservation Reserve,frankstonnatureconservationres,Frankston Nature Conservation Reserve,Victoria,VIC,-38.17212,145.12985,2949
Frog Hollow parkrun,Frog Hollow,froghollow,David Collins Drive,Victoria,VIC,-37.991559,145.273622,902
Gardiners Creek parkrun,Gardiners Creek,gardinerscreek,Gardiners Creek Reserve,Victoria,VIC,-37.845344,145.114787,1817
Goldfields Reservoir parkrun,Goldfields Reservoir,goldfieldsreservoir,Goldfields Reservoir,Victoria,VIC,-37.065018,143.731855,2531
"Goulburn River Trail parkrun, Seymour","Goulburn River Trail, Seymour",goulburnrivertrailseymour,"Goulburn River Trail, Seymour",Victoria,VIC,-37.018279,145.124768,3375
"Grand Ridge Rail Trail parkrun, Mirboo North",Grand Ridge Rail Trail,grandridgerailtrail,Grand Ridge Rail Trail,Victoria,VIC,-38.400561,146.16502,2317
"Great Southern Rail Trail parkrun, Korumburra","Great Southern Rail Trail, Korumburra",greatsouthernrailtrailkorumburra,"Great Southern Rail Trail, Korumburra",Victoria,VIC,-38.432179,145.825156,3494
Hamilton parkrun,Hamilton,hamilton,Lake Hamilton,Victoria,VIC,-37.737592,142.040024,835
Hastings Foreshore parkrun,Hastings Foreshore,hastingsforeshore,Hastings Foreshore,Victoria,VIC,-38.307311,145.196651,565
Highlands parkrun,Highlands,highlands,Stocklandâ€™s Highlands community,Victoria,VIC,-37.59106,144.903713,545
Inverloch parkrun,Inverloch,inverloch,Rotary Centenary Park,Victoria,VIC,-38.639515,145.719625,919
Jells parkrun,Jells,jells,Jells Park,Victoria,VIC,-37.897912,145.193976,1153
KM Reedy Reserve parkrun,KM Reedy Reserve,kmreedyreserve,KM Reedy Reserve,Victoria,VIC,-38.021647,145.251726,2207
Karkarook parkrun,Karkarook,karkarook,Karkarook Park,Victoria,VIC,-37.940079,145.086858,1541
Kennington Reservoir parkrun,Kennington Reservoir,kenningtonreservoir,Kennington Reservoir,Victoria,VIC,-36.772141,144.312232,778
Kerang Regional parkrun,Kerang Regional,kerangregional,Kerang Regional Park,Victoria,VIC,-35.730934,143.908707,2605
Kilmore Racecourse Walking Track parkrun,Kilmore Racecourse Walking Track,kilmoreracecoursewalkingtrack,Kilmore Racecourse Walking Track,Victoria,VIC,-37.288433,144.960419,3277
Kirkdale Reserve parkrun,Kirkdale Reserve,kirkdalereserve,Kirkdale Reserve,Victoria,VIC,-37.770512,144.983855,3042
Koonwarra parkrun,Koonwarra,koonwarra,The Great Southern Rail Trail,Victoria,VIC,-38.547585,145.947772,1772
Lake Boga Foreshore parkrun,Lake Boga Foreshore,lakebogaforeshore,Lake Boga Foreshore,Victoria,VIC,-35.45108,143.628251,2728
Lake Colac parkrun,Lake Colac,lakecolac,Lake Colac,Victoria,VIC,-38.332222,143.589186,3738
Lake Fyans Walking Track parkrun,Lake Fyans Walking Track,lakefyanswalkingtrack,Lake Fyans Walking Track,Victoria,VIC,-37.145642,142.616196,3748
Lake Wallace parkrun,Lake Wallace,lakewallace,Lake Wallace,Victoria,VIC,-37.033988,141.295153,3174
Lakes Entrance parkrun,Lakes Entrance,lakesentrance,"Lakes Entrance Rotunda, Memorial Park",Victoria,VIC,-37.879944,147.994104,666
Lalor parkrun,Lalor,lalor,Whittlesea Public Gardens,Victoria,VIC,-37.668084,144.985422,1440
Lancefield parkrun,Lancefield,lancefield,Lancefield Park,Victoria,VIC,-37.279321,144.724258,1185
Lewis Park Reserve parkrun,Lewis Park Reserve,lewisparkreserve,Lewis Park Reserve,Victoria,VIC,-37.86738,145.248705,2987
Lillydale Lake parkrun,Lillydale Lake,lillydalelake,Lilydale Lake,Victoria,VIC,-37.766218,145.357071,699
Louis Hamon Park parkrun,Louis Hamon Park,louishamonpark,Louis Hamon Park,Victoria,VIC,-36.094049,145.442706,2809
Mansfield Botanic parkrun,Mansfield Botanic,mansfieldbotanic,Mansfield Botanic Park,Victoria,VIC,-37.052419,146.093889,1148
Maribyrnong parkrun,Maribyrnong,maribyrnong,Maribyrnong,Victoria,VIC,-37.770632,144.897858,810
Maroondah Dam parkrun,Maroondah Dam,maroondahdam,Maroondah Dam,Victoria,VIC,-37.642875,145.552323,3278
Marriott Waters parkrun,Marriott Waters,marriottwaters,Marriott Waters Reserve,Victoria,VIC,-38.072157,145.249088,1766
Mernda parkrun,Mernda,mernda,Mernda Adventure Park,Victoria,VIC,-37.593706,145.100493,1704
Mount Beauty parkrun,Mount Beauty,mountbeauty,Mount Beauty,Victoria,VIC,-36.736278,147.174015,1675
Mullum Mullum parkrun,Mullum Mullum,mullummullum,"Schwerkolt Cottage, Mitcham",Victoria,VIC,-37.811673,145.21251,1615
Nagambie Lake parkrun,Nagambie Lake,nagambielake,Nagambie Lake,Victoria,VIC,-36.786149,145.148185,3470
Nathalia Showgrounds parkrun,Nathalia Showgrounds,nathaliashowgrounds,Nathalia Showgrounds and Recreation Reserve,Victoria,VIC,-36.053066,145.211172,2870
Newborough parkrun,Newborough,newborough,Moe Botanic Garden,Victoria,VIC,-38.178663,146.270714,1633
Newport Lakes parkrun,Newport Lakes,newportlakes,Newport Lakes Reserve,Victoria,VIC,-37.840109,144.870716,1736
Nhill parkrun,Nhill,nhill,Nhill Swamp and Wildlife Reserve,Victoria,VIC,-36.338609,141.645653,1823
Nolen’s Park parkrun,Nolen’s Park,nolenspark,Nolen’s Park,Victoria,VIC,-36.117426,143.727281,3122
Ocean Grove parkrun,Ocean Grove,oceangrove,Barwon Estuary Picnic Area,Victoria,VIC,-38.267313,144.512783,598
Ovens River Trail parkrun,Ovens River Trail,ovensrivertrail,Ovens River Trail,Victoria,VIC,-36.555094,146.711688,2838
Pakenham parkrun,Pakenham,pakenham,Pakenham,Victoria,VIC,-38.06462,145.463839,847
Parkville parkrun,Parkville,parkville,Princes Park,Victoria,VIC,-37.784837,144.961755,1006
Peppertree parkrun,Peppertree,peppertree,Peppertree Park,Victoria,VIC,-37.68168,144.432973,2655
Phillip Island parkrun,Phillip Island,phillipisland,Churchill Island,Victoria,VIC,-38.498822,145.340674,1232
Point Cook parkrun,Point Cook,pointcook,Arndell Park Community Centre,Victoria,VIC,-37.862086,144.72952,619
Port Fairy parkrun,Port Fairy,portfairy,Russell Clark Reserve,Victoria,VIC,-38.389932,142.229977,1606
Portarlington parkrun,Portarlington,portarlington,The Esplanade,Victoria,VIC,-38.113934,144.654211,1746
Portland parkrun,Portland,portland,Fawthrop Lagoon,Victoria,VIC,-38.354785,141.60446,1444
Prince of Wales parkrun,Prince of Wales,princeofwales,Prince of Wales Park,Victoria,VIC,-37.548659,143.816194,3137
Pyramid Hill Golf Trail parkrun,Pyramid Hill Golf Trail,pyramidhillgolftrail,Pyramid Hill Golf Trail,Victoria,VIC,-36.050871,144.137393,3640
Red Hill Rail Trail parkrun,Red Hill Rail Trail,redhillrailtrail,Red Hill Rail Trail,Victoria,VIC,-38.380498,145.026784,3725
Rokeby Crossover Rail Trail parkrun,Rokeby Crossover Rail Trail,rokebycrossoverrailtrail,Rokeby Crossover Rail Trail,Victoria,VIC,-38.068113,145.931515,3838
Rosebud parkrun,Rosebud,rosebud,Rosebud Parade,Victoria,VIC,-38.354221,144.905291,1850
Sale parkrun,Sale,sale,Sale Botanic Gardens,Victoria,VIC,-38.114103,147.078273,753
Shepparton parkrun,Shepparton,shepparton,Victoria Park Lake,Victoria,VIC,-36.390858,145.396146,492
Studley parkrun,Studley,studley,Studley Park Boathouse,Victoria,VIC,-37.80083,145.008858,1419
Sunbury parkrun,Sunbury,sunbury,Apex Park,Victoria,VIC,-37.580542,144.739936,1757
The Phar Lap Track parkrun,The Phar Lap Track,thepharlaptrack,Phar Lap Track,Victoria,VIC,-37.993515,145.128673,3719
Timboon parkrun,Timboon,timboon,Timboon,Victoria,VIC,-38.483074,142.977527,1673
Toolern Creek parkrun,Toolern Creek,toolerncreek,Toolern Creek Park,Victoria,VIC,-37.714776,144.583229,881
Torquay parkrun,Torquay,torquay,Fishermans Beach,Victoria,VIC,-38.327281,144.326903,665
Traralgon parkrun,Traralgon,traralgon,Agnes Brereton Park,Victoria,VIC,-38.189632,146.53648,1063
Trebeck Reserve parkrun,Trebeck Reserve,trebeckreserve,Trebeck Reserve,Victoria,VIC,-38.233939,143.988093,3424
Victory Road Reserve parkrun,Victory Road Reserve,victoryroadreserve,Victory Road Reserve,Victoria,VIC,-37.948161,145.108231,3834
Wallaby Track parkrun,Wallaby Track,wallabytrack,Wallaby Track,Victoria,VIC,-37.552061,143.898319,2586
Wangaratta parkrun,Wangaratta,wangaratta,Apex Park,Victoria,VIC,-36.351774,146.329944,873
Warragul parkrun,Warragul,warragul,Brooker Park,Victoria,VIC,-38.151043,145.932929,1077
Warrandyte River Reserve parkrun,Warrandyte River Reserve,warrandyteriverreserve,Warrandyte River Reserve,Victoria,VIC,-37.73646,145.219969,3015
Warringal Parklands parkrun,Warringal Parklands,warringalparklands,Warringal Parklands,Victoria,VIC,-37.755246,145.074478,2628
Warrnambool parkrun,Warrnambool,warrnambool,Warrnambool,Victoria,VIC,-38.392862,142.47937,497
Westerfolds parkrun,Westerfolds,westerfolds,Westerfolds Park,Victoria,VIC,-37.746092,145.133986,643
Willow parkrun,Willow,willow,Willow Park,Victoria,VIC,-36.136018,146.874752,1994
Wilson Botanic parkrun,Wilson Botanic,wilsonbotanic,Wilson Botanic Park,Victoria,VIC,-38.026521,145.339808,1519
"Wimmera River parkrun, Horsham","Wimmera River, Horsham",wimmerariverhorsham,Sawyer Park,Victoria,VIC,-36.722724,142.202555,2074
Woodlands Historic Park parkrun,Woodlands Historic Park,woodlandshistoricpark,Woodlands Historic Park,Victoria,VIC,-37.640182,144.843618,3271
Wyndham Vale parkrun,Wyndham Vale,wyndhamvale,Presidents Park,Victoria,VIC,-37.881655,144.634532,1367
Yackandandah Rail Trail parkrun,Yackandandah Rail Trail,yackandandahrailtrail,Yackandandah Rail Trail,Victoria,VIC,-36.316082,146.838391,3241
You Yangs parkrun,You Yangs,youyangs,You Yangs Regional Park,Victoria,VIC,-37.953582,144.40047,1513
Applecross parkrun,Applecross,applecross,Jeff Joseph Reserve,Western Australia,WA,-32.006932,115.834885,1666
Aveley parkrun,Aveley,aveley,Central Park,Western Australia,WA,-31.789954,115.988052,508
Baxter parkrun,Baxter,baxter,Baxter Park,Western Australia,WA,-24.891447,113.654841,3151
Bayview Road parkrun,Bayview Road,bayviewroad,Bayview Road,Western Australia,WA,-20.729535,116.806181,2862
Bibra Lake parkrun,Bibra Lake,bibralake,Bibra Lake Reserve,Western Australia,WA,-32.093955,115.820636,937
Black Swan Lake parkrun,Black Swan Lake,blackswanlake,Black Swan Lake,Western Australia,WA,-32.47418,115.774806,3713
Bunbury parkrun,Bunbury,bunbury,Big Swamp Wildlife Park,Western Australia,WA,-33.342966,115.633228,503
Burswood Peninsula parkrun,Burswood Peninsula,burswoodpeninsula,Burswood Peninsular,Western Australia,WA,-31.95306,115.887561,1956
Calleya parkrun,Calleya,calleya,Treeby,Western Australia,WA,-32.126604,115.876176,1644
Canning River parkrun,Canning River,canningriver,Canning River Regional Park,Western Australia,WA,-32.020912,115.92266,489
Carine Glades parkrun,Carine Glades,carineglades,Carine Regional Open Space,Western Australia,WA,-31.853621,115.789061,823
"Centennial Park parkrun, Dunsborough","Centennial Park, Dunsborough",centennialparkdunsborough,"Centennial Park, Dunsborough",Western Australia,WA,-33.615733,115.112646,3405
Champion Lakes parkrun,Champion Lakes,championlakes,Champion Lakes,Western Australia,WA,-32.106314,115.999535,1340
Claisebrook Cove parkrun,Claisebrook Cove,claisebrookcove,Claisebrook Cove,Western Australia,WA,-31.950868,115.881884,397
Collie River Trail parkrun,Collie River Trail,collierivertrail,Collie River Trail,Western Australia,WA,-33.357664,116.156872,2426
Cottesloe parkrun,Cottesloe,cottesloe,Marine Parade,Western Australia,WA,-32.006479,115.75182,807
Dawesville parkrun,Dawesville,dawesville,Dawesville Foreshore Reserve,Western Australia,WA,-32.625918,115.640914,949
Edinburgh Oval parkrun,Edinburgh Oval,edinburghoval,Edinburgh Oval Park,Western Australia,WA,-32.003668,115.891775,2621
Esperance Foreshore parkrun,Esperance Foreshore,esperanceforeshore,Esperance Foreshore,Western Australia,WA,-33.863295,121.893784,3451
Galup Reserve parkrun,Galup Reserve,galupreserve,Galup Reserve,Western Australia,WA,-31.925038,115.821468,3583
Garvey Park parkrun,Garvey Park,garveypark,Garvey Park,Western Australia,WA,-31.922558,115.941181,2799
Geographe Bay parkrun,Geographe Bay,geographebay,Geographe Bay Rd,Western Australia,WA,-33.642342,115.354374,933
Hampton Oval parkrun,Hampton Oval,hamptonoval,Hampton Oval,Western Australia,WA,-20.666182,116.70334,2841
Homestead parkrun,Homestead,homestead,Homestead,Western Australia,WA,-32.053807,115.970386,2891
Jakes Point parkrun,Jakes Point,jakespoint,Jakes Point Lookout,Western Australia,WA,-27.733275,114.15228,3335
Jarrahdale Heritage parkrun,Jarrahdale Heritage,jarrahdaleheritage,Jarrahdale Heritage Park,Western Australia,WA,-32.33521,116.058618,3016
Jurien Bay Foreshore parkrun,Jurien Bay Foreshore,jurienbayforeshore,Jurien Bay Foreshore,Western Australia,WA,-30.302452,115.037533,3157
Kadina Trail parkrun,Kadina Trail,kadinatrail,Kadina Trail,Western Australia,WA,-31.92623,116.026041,2520
Kalgoorlie-Boulder parkrun,Kalgoorlie-Boulder,kalgoorlieboulder,Karlkurla Bushland Park,Western Australia,WA,-30.718868,121.456625,541
Kununurra parkrun,Kununurra,kununurra,Swim Beach Park,Western Australia,WA,-15.791571,128.700113,1108
Lake Claremont parkrun,Lake Claremont,lakeclaremont,Lake Claremont,Western Australia,WA,-31.97481,115.779507,3027
Lake Joondalup parkrun,Lake Joondalup,lakejoondalup,Neil Hawkins Park,Western Australia,WA,-31.744138,115.777144,509
Long Point parkrun,Long Point,longpoint,Long Point,Western Australia,WA,-32.367044,115.729677,3902
Manjimup parkrun,Manjimup,manjimup,Manjimup Homemaker Centre,Western Australia,WA,-34.227785,116.179615,750
Margaret River parkrun,Margaret River,margaretriver,Rotary Park,Western Australia,WA,-33.944257,115.074331,1789
Marina parkrun,Marina,marina,Marina Park,Western Australia,WA,-28.763698,114.613067,2425
Maylands Peninsula parkrun,Maylands Peninsula,maylandspeninsula,Clarkson Reserve,Western Australia,WA,-31.947167,115.915089,1420
Merredin Peak parkrun,Merredin Peak,merredinpeak,Merredin Peak,Western Australia,WA,-31.470564,118.289452,3627
Moora parkrun,Moora,moora,Apex Park,Western Australia,WA,-30.638892,116.004276,1014
Mount Helena parkrun,Mount Helena,mounthelena,Railway Reserves Heritage Trail,Western Australia,WA,-31.879999,116.208462,1993
Mt Clarence parkrun,Mt Clarence,mtclarence,Flinders Parade,Western Australia,WA,-35.025659,117.916528,934
Mundy Regional parkrun,Mundy Regional,mundyregional,Mundy Regional Park,Western Australia,WA,-31.96618,116.035959,2554
Newcastle Park parkrun,Newcastle Park,newcastlepark,Newcastle Park,Western Australia,WA,-31.55064,116.470403,3202
Perry Lakes parkrun,Perry Lakes,perrylakes,Perry Lakes Reserve,Western Australia,WA,-31.945635,115.784168,2125
Pioneer parkrun,Pioneer,pioneer,Pioneer Park,Western Australia,WA,-32.066125,116.001509,757
Port Hedland parkrun,Port Hedland,porthedland,Civic Centre Gardens,Western Australia,WA,-20.307149,118.613332,1756
Quinns Rocks parkrun,Quinns Rocks,quinnsrocks,Quinns Rocks,Western Australia,WA,-31.679025,115.69588,739
Ridley Place Foreshore parkrun,Ridley Place Foreshore,ridleyplaceforeshore,Ridley Place Foreshore,Western Australia,WA,-33.275814,115.714384,3450
Rockingham parkrun,Rockingham,rockingham,Rockingham,Western Australia,WA,-32.275296,115.728757,463
Shelley parkrun,Shelley,shelley,Shelley Foreshore,Western Australia,WA,-32.028968,115.881886,1530
Shipwreck parkrun,Shipwreck,shipwreck,Shipwreck Park,Western Australia,WA,-32.162855,115.977875,2062
Sir James Mitchell parkrun,Sir James Mitchell,sirjamesmitchell,Sir James Mitchell,Western Australia,WA,-31.971747,115.878401,3605
South Beach Recreation Reserve parkrun,South Beach Recreation Reserve,southbeachrecreationreserve,South Beach Recreation Reserve,Western Australia,WA,-32.07687,115.752554,2946
Sunrise Beach parkrun,Sunrise Beach,sunrisebeach,Sunrise Beach,Western Australia,WA,-21.634871,115.113018,3893
Tamworth Wetlands parkrun,Tamworth Wetlands,tamworthwetlands,Tamworth Wetlands,Western Australia,WA,-32.33239,115.812074,2071
Town Beach parkrun,Town Beach,townbeach,Town Beach,Western Australia,WA,-17.968407,122.237403,3300
University of Western Australia parkrun,University of Western Australia,universityofwesternaustralia,University of Western Australia (Crawley Campus),Western Australia,WA,-31.977596,115.819132,3096
Wanneroo parkrun,Wanneroo,wanneroo,Opportunity Park,Western Australia,WA,-31.751242,115.793187,1919
Whitfords Nodes parkrun,Whitfords Nodes,whitfordsnodes,Whitfords Nodes Park,Western Australia,WA,-31.817129,115.73696,1759
Wilson Inlet Heritage Trail parkrun,Wilson Inlet Heritage Trail,wilsoninletheritagetrail,Wilson Inlet Heritage Trail,Western Australia,WA,-34.968285,117.366188,3342
Woodbridge Riverside parkrun,Woodbridge Riverside,woodbridgeriverside,Woodbridge Riverside Park,Western Australia,WA,-31.887528,115.99131,1392
Yokine parkrun,Yokine,yokine,Yokine Reserve,Western Australia,WA,-31.911504,115.86113,1790
